idPan;panNome;panNomeCompleto;idPan2;panNomeFantasia;panAbrangenciaTaxonomica;panAbrangenciaGeografica;panCiclo;panStatus;panCentro;panInicioData;panInicioAno;Data da portaria vigente do PAN;"Data do início da vigência do PAN na portaria 
(último artigo da portaria)";panFimData;panFimAno;panStatusLegal;panPortaria;panProcesso;panLogo;panSite
CEMAVE_01.01;(Finalizado) Mutum-do-sudeste;Plano de Ação Nacional para a Conservação do Mutum-do-sudeste;CEMAVE_01.01;Mutum-do-sudeste;Monoespecífico;Específico (distribuição da espécie);1º ciclo;Finalizado;CEMAVE;01/01/2004;2004;12/12/2013;;01/12/2014;2014;Portaria com prazo expirado;Portaria 266 (12/12/2013);;;https://www.gov.br/icmbio/pt-br/assuntos/biodiversidade/pan/pan-mutum-do-sudeste
CEMAVE_02.01;(Finalizado) Albatrozes e Petréis - 1º ciclo;Plano de Ação Nacional para a Conservação dos Albatrozes e Petréis;CEMAVE_02.01;Albatrozes e Petréis;Intraclasse;Bioma;1º ciclo;Finalizado;CEMAVE;01/01/2006;2006;01/01/2006;;01/01/2006;2006;Portaria com prazo expirado;Livro (2006);;;https://www.gov.br/icmbio/pt-br/assuntos/biodiversidade/pan/pan-albatrozes-e-petreis
CEMAVE_03.01;(Finalizado) Arara-azul-de-Lear - 1º ciclo;Plano de Ação Nacional para Conservação da Arara-azul-de-lear (Anodorhynchus leari);CEMAVE_03.01;Arara-azul-de-Lear;Monoespecífico;Específico (distribuição da espécie);1º ciclo;Finalizado;CEMAVE;01/01/2006;2006;01/01/2006;;01/12/2011;2011;Portaria com prazo expirado;Livro (2006);02070.002414/2009-11;;https://www.gov.br/icmbio/pt-br/assuntos/biodiversidade/pan/pan-arara-azul-de-lear
CEMAVE_04.01;(Finalizado) Aves de Rapina;Plano de Ação Nacional para a Conservação de Aves de Rapina;CEMAVE_04.01;Aves de Rapina;Intraclasse;Nacional;1º ciclo;Finalizado;CEMAVE;04/04/2006;2006;01/01/2008;;01/12/2011;2011;Portaria com prazo expirado;Livro (2008);;;https://www.gov.br/icmbio/pt-br/assuntos/biodiversidade/pan/pan-aves-de-rapina
CEMAVE_18.01;(Finalizado) Pato-mergulhão - 1º ciclo;Plano de Ação Nacional para a Conservação do Pato-mergulhão;CEMAVE_18.01;Pato-mergulhão;Monoespecífico;Específico (distribuição da espécie);1º ciclo;Finalizado;CEMAVE;08/04/2014;2006;08/04/2014;;01/02/2016;2016;Portaria com prazo expirado;Portaria 44 (08/04/2014);02070.000860/2012-97;;https://www.gov.br/icmbio/pt-br/assuntos/biodiversidade/pan/pan-pato-mergulhao
CEMAVE_05.01;(Finalizado) Galliformes;Plano de Ação Nacional para a Conservação dos Galliformes;CEMAVE_05.01;Galliformes;Intraclasse;Nacional;1º ciclo;Finalizado;CEMAVE;25/04/2007;2007;01/01/2008;;01/12/2011;2011;Portaria com prazo expirado;Livro (2008);;;https://www.gov.br/icmbio/pt-br/assuntos/biodiversidade/pan/pan-galliformes
CEMAVE_06.01;(Finalizado) Mutum-de-alagoas;Plano de Ação Nacional para a Conservação do Mutum-de-alagoas;CEMAVE_06.01;Mutum-de-alagoas;Monoespecífico;Específico (distribuição da espécie);1º ciclo;Finalizado;CEMAVE;25/04/2007;2007;17/02/2012;;01/12/2013;2013;Portaria com prazo expirado;Portaria 20 (17/02/2012);;;https://www.gov.br/icmbio/pt-br/assuntos/biodiversidade/pan/pan-mutum-de-alagoas
CBC_01.01;(Finalizado) Lepidópteros;Plano de Ação Nacional para a Conservação de Lepidópteros;CBC_01.01;Lepidópteros;Intraclasse;Nacional;1º ciclo;Finalizado;CBC;27/08/2010;2010;27/08/2010;27/08/2010;01/12/2015;2015;Portaria com prazo expirado;Portaria 92 (27/08/2010);02070.002646/2010-11;;https://www.gov.br/icmbio/pt-br/assuntos/biodiversidade/pan/pan-lepidopteros
CECAV_01.01;(Finalizado) Morceguinho-do-cerrado;Plano de Ação Nacional para Conservação do Morceguinho-do-cerrado;CECAV_01.01;Morceguinho-do-cerrado;Monoespecífico;Bioma;1º ciclo;Finalizado;CECAV;27/08/2010;2010;27/08/2010;27/08/2010;01/09/2015;2015;Portaria com prazo expirado;Portaria 89 (27/08/2010);02070.003685/2009-94;;https://www.gov.br/icmbio/pt-br/assuntos/biodiversidade/pan/pan-morceguinho-do-cerrado
CEMAVE_07.01;(Finalizado) Formigueiro-do-litoral;Plano de Ação Nacional para Conservação do Formigueiro-do-litoral;CEMAVE_07.01;Formigueiro-do-litoral;Monoespecífico;Específico (distribuição da espécie);1º ciclo;Finalizado;CEMAVE;27/08/2010;2010;06/04/2015;;01/08/2015;2015;Portaria com prazo expirado;Portaria 22 (06/04/2015);;;https://www.gov.br/icmbio/pt-br/assuntos/biodiversidade/pan/pan-formigueiro-do-litoral
CEMAVE_08.01;(Finalizado) Soldadinho-do-araripe - 1º ciclo;Plano de Ação Nacional para Conservação do Soldadinho-do-araripe;CEMAVE_08.01;Soldadinho-do-araripe;Monoespecífico;Específico (distribuição da espécie);1º ciclo;Finalizado;CEMAVE;27/08/2010;2010;27/03/2014;;01/08/2015;2015;Portaria com prazo expirado;Portaria 30 (27/03/2014);;;https://www.gov.br/icmbio/pt-br/assuntos/biodiversidade/pan/pan-soldadinho-do-araripe
CENAP_01.01;(Finalizado) Ariranha - 1º ciclo;Plano de Ação Nacional para a Conservação da Ariranha (Pteronura brasiliensis);CENAP_01.01;Ariranha;Monoespecífico;Específico (distribuição da espécie);1º ciclo;Finalizado;CENAP;27/08/2010;2010;27/08/2010;27/08/2010;01/08/2015;2015;Portaria com prazo expirado;Portaria 88 (27/08/2010);02070.004196/2010-93;;https://www.gov.br/icmbio/pt-br/assuntos/biodiversidade/pan/pan-ariranha
CENAP_02.01;(Finalizado) Cervídeos;Plano de Ação Nacional para a Conservação dos Cervídeos Brasileiros;CENAP_02.01;Cervídeos;Intraclasse;Nacional;1º ciclo;Finalizado;CENAP;27/08/2010;2010;27/08/2010;27/08/2010;01/08/2015;2015;Portaria com prazo expirado;Portaria 97 (27/08/2010);02070.001984/2010- 28;;https://www.gov.br/icmbio/pt-br/assuntos/biodiversidade/pan/pan-cervideos
CMA_02.01;(Finalizado) Pequenos Cetáceos;Plano de Ação Nacional para Conservação dos Pequenos Cetáceos;CMA_02.01;Pequenos Cetáceos;Intraclasse;Específico (distribuição da espécie);1º ciclo;Finalizado;CMA;27/08/2010;2010;27/08/2010;27/08/2010;01/08/2015;2015;Portaria com prazo expirado;Portaria 86 (27/08/2010);02070.001447/2010-88;;https://www.gov.br/icmbio/pt-br/assuntos/biodiversidade/pan/pan-pequenos-cetaceos
CMA_03.01;(Finalizado) Toninha - 1º ciclo;Plano de Ação Nacional para Conservação da Toninha;CMA_03.01;Toninha;Monoespecífico;Específico (distribuição da espécie);1º ciclo;Finalizado;CMA;27/08/2010;2010;27/08/2010;27/08/2010;01/09/2015;2015;Portaria com prazo expirado;Portaria 91 (27/08/2010);02070.000483/2008-18;;https://www.gov.br/icmbio/pt-br/assuntos/biodiversidade/pan/pan-toninha
CMA_04.01;(Finalizado) Sirênios;Plano de Ação Nacional para a Conservação dos Sirênios;CMA_04.01;Sirênios;Intraclasse;Específico (distribuição da espécie);1º ciclo;Finalizado;CMA;27/08/2010;2010;27/08/2010;27/08/2010;01/08/2015;2015;Portaria com prazo expirado;Portaria 85 (27/08/2010);02070.004216/2010-26;;https://www.gov.br/icmbio/pt-br/assuntos/biodiversidade/pan/pan-sirenios
CPB_01.01;(Finalizado) Muriquis;Plano de Ação Nacional para a Conservação dos Muriquis (Brachyteles hypoxanthus e Brachyteles arachnoides);CPB_01.01;Muriquis;Intraclasse;Específico (distribuição da espécie);1º ciclo;Finalizado;CPB;27/08/2010;2010;27/08/2010;27/08/2010;01/08/2015;2015;Portaria com prazo expirado;Portaria 87 (27/08/2010);02070.002662/2010-04;;https://www.gov.br/icmbio/pt-br/assuntos/biodiversidade/pan/pan-muriquis
CPB_02.01;(Finalizado) Ouriço Preto;Plano de Ação Nacional para a Conservação do Ouriço-preto (Chaetomys subspinosus);CPB_02.01;Ouriço Preto;Monoespecífico;Específico (distribuição da espécie);1º ciclo;Finalizado;CPB;27/08/2010;2010;27/08/2010;27/08/2010;01/09/2015;2015;Portaria com prazo expirado;Portaria 90 (27/08/2010);0270.003689/2009-72;;https://www.gov.br/icmbio/pt-br/assuntos/biodiversidade/pan/pan-ourico-preto
CPB_03.01;(Finalizado) Mamíferos da Mata Atlântica Central;Plano de Ação Nacional para Conservação dos Mamíferos da Mata Atlântica Central;CPB_03.01;Mamíferos da Mata Atlântica Central;Intraclasse;Bioma;1º ciclo;Finalizado;CPB;23/12/2010;2010;23/12/2010;23/12/2010;23/12/2015;2015;Portaria com prazo expirado;Portaria 134 (23/12/2010);02070.004236/2010-05;;https://www.gov.br/icmbio/pt-br/assuntos/biodiversidade/pan/pan-mamiferos-da-mata-atlantica-central
RAN_01.01;(Finalizado) Herpetofauna Insular;Plano de Ação Nacional para a Conservação da Herpetofauna Insular Ameaçada de Extinção;RAN_01.01;Herpetofauna Insular;Multiclasse;Ecossistema;1º ciclo;Finalizado;RAN;27/08/2010;2010;28/05/2013;;01/12/2015;2015;Portaria com prazo expirado;Portaria 194 (28/05/2013);;;https://www.gov.br/icmbio/pt-br/assuntos/biodiversidade/pan/pan-herpetofauna-insular
TAMAR_01.01;(Finalizado) Tartarugas Marinhas  - 1º ciclo;Plano de Ação Nacional para a Conservação das Tartarugas Marinhas;TAMAR_01.01;Tartarugas Marinhas;Intraclasse;Bioma;1º ciclo;Finalizado;TAMAR;23/12/2010;2010;23/12/2010;;01/12/2015;2015;Portaria com prazo expirado;Portaria 135 (23/12/2010);;;https://www.gov.br/icmbio/pt-br/assuntos/biodiversidade/pan/pan-tartarugas-marinhas
CEMAVE_09.01;(Finalizado) Papagaios da Mata Atlântica - 1º ciclo;Plano de Ação Nacional para a Conservação dos Papagaios;CEMAVE_09.01;Papagaios;Intraclasse;Bioma;1º ciclo;Finalizado;CEMAVE;14/12/2010;2010;14/12/2010;;01/01/2016;2016;Portaria com prazo expirado;Portaria 130 (14/12/2010);;;https://www.gov.br/icmbio/pt-br/assuntos/biodiversidade/pan/pan-papagaios
CENAP_03.01;(Finalizado) Onça-pintada;Plano de Ação Nacional para Conservação da Onça-pintada;CENAP_03.01;Onça-pintada;Monoespecífico;Específico (distribuição da espécie);1º ciclo;Finalizado;CENAP;14/12/2010;2010;09/06/2014;09/06/2014;01/06/2017;2017;Portaria com prazo expirado;Portaria 63 (09/07/2014);02070.003690/2009-05;;https://www.gov.br/icmbio/pt-br/assuntos/biodiversidade/pan/pan-onca-pintada
CEPTA_01.01;(Finalizado) Paraíba do Sul - 1º ciclo;Plano de Ação Nacional para Conservação das Espécies Aquáticas Ameaçadas de Extinção do Rio Paraíba do Sul;CEPTA_01.01;Paraíba do Sul;Multiclasse;Bacia;1º ciclo;Finalizado;CEPTA;14/12/2010;2010;04/04/2018;04/04/2018;01/12/2020;2020;Portaria com prazo expirado;Portaria 284 (04/04/2018);02031.000099/2009-54;;https://www.gov.br/icmbio/pt-br/assuntos/biodiversidade/pan/pan-paraiba-do-sul
CMA_01.01;(Finalizado) Grandes Cetáceos e Pinípedes;Plano de Ação Nacional para Conservação dos Mamíferos Aquáticos Grandes Cetáceos e Pinípedes;CMA_01.01;Grandes Cetáceos e Pinípedes;Multiclasse;Bioma;1º ciclo;Finalizado;CMA;27/08/2010;2010;27/08/2010;27/08/2010;01/08/2020;2020;Portaria com prazo expirado;Portaria 96 (27/08/2010);02070.003686/2009-39;;https://www.gov.br/icmbio/pt-br/assuntos/biodiversidade/pan/pan-grandes-cetaceos-e-pinipedes
CPB_04.01;(Finalizado) Sauim-de-coleira  - 1º ciclo;Plano de Ação Nacional para a Conservação do Sauim-de-coleira;CPB_04.01;Sauim-de-coleira;Monoespecífico;Específico (distribuição da espécie);1º ciclo;Finalizado;CPB;02/12/2011;2011;02/12/2011;02/12/2011;01/12/2016;2016;Portaria com prazo expirado;Portaria 94 (02/12/2011);02070.001873/2011-01;;https://www.gov.br/icmbio/pt-br/assuntos/biodiversidade/pan/pan-sauim-de-coleira
CPB_05.01;(Finalizado) Primatas do Nordeste - 1º ciclo;Plano de Ação Nacional para a Conservação dos Primatas do Nordeste;CPB_05.01;Primatas do Nordeste;Intraclasse;Bioma;1º ciclo;Finalizado;CPB;23/03/2012;2012;23/03/2012;23/03/2012;01/12/2016;2016;Portaria com prazo expirado;Portaria 37 (23/03/2012);02070.002934/2011-49;;https://www.gov.br/icmbio/pt-br/assuntos/biodiversidade/pan/pan-primatas-do-nordeste
CECAV_02.01;(Finalizado) Cavernas do Rio São Francisco;Plano de Ação Nacional para a Conservação do Patrimônio Espeleológico nas Áreas Cársticas da Bacia do Rio São Francisco;CECAV_02.01;Cavernas do Rio São Francisco;Multiclasse;Ecossistema;1º ciclo;Finalizado;CECAV;17/02/2012;2012;17/02/2012;17/02/2017;01/02/2017;2017;Portaria com prazo expirado;Portaria 18 (17/02/2012);02070.002654/2010-50;;https://www.gov.br/icmbio/pt-br/assuntos/biodiversidade/pan/pan-cavernas
CEMAVE_10.02;(Finalizado) Albatrozes e Petréis - 2º ciclo;Plano de Ação Nacional para a Conservação dos Albatrozes e Petréis;CEMAVE_10.02;Albatrozes e Petréis;Intraclasse;Bioma;2º ciclo;Finalizado;CEMAVE;17/02/2012;2012;17/02/2012;17/02/2012;01/02/2017;2017;Portaria com prazo expirado;Portaria 15 (17/02/2012);02070.003431/2011-91;;https://www.gov.br/icmbio/pt-br/assuntos/biodiversidade/pan/pan-albatrozes-e-petreis
CEMAVE_11.01;(Finalizado) Ararinha-azul - 1º ciclo;Plano de Ação Nacional para a Conservação da Ararinha-azul;CEMAVE_11.01;Ararinha-azul;Monoespecífico;Específico (distribuição da espécie);1º ciclo;Finalizado;CEMAVE;17/02/2012;2012;08/08/2016;;01/02/2017;2017;Portaria com prazo expirado;Portaria 80 (08/08/2016);;;https://www.gov.br/icmbio/pt-br/assuntos/biodiversidade/pan/pan-ararinha-azul
CEMAVE_12.01;(Finalizado) Passeriformes dos Campos Sulinos - 1º ciclo;Plano de Ação Nacional para a Conservação das Aves dos Campos Sulinos;CEMAVE_12.01;Aves dos Campos Sulinos;Intraclasse;Ecossistema;1º ciclo;Finalizado;CEMAVE;17/02/2012;2012;17/02/2012;;01/02/2017;2017;Portaria com prazo expirado;Portaria 21 (17/02/2012);;;https://www.gov.br/icmbio/pt-br/assuntos/biodiversidade/pan/pan-aves-dos-campos-sulinos
CEMAVE_13.01;(Finalizado) Aves da Caatinga - 1º ciclo;Plano de Ação Nacional para Conservação das Aves da Caatinga;CEMAVE_13.01;Aves da Caatinga;Intraclasse;Bioma;1º ciclo;Finalizado;CEMAVE;23/03/2012;2012;09/03/2016;;01/02/2017;2017;Portaria com prazo expirado;Portaria 18 (09/03/2016);;;https://www.gov.br/icmbio/pt-br/assuntos/biodiversidade/pan/pan-aves-da-caatinga
CENAP_04.01;(Finalizado) Onça-parda;Plano de Ação Nacional para Conservação da Onça-parda;CENAP_04.01;Onça-parda;Monoespecífico;Específico (distribuição da espécie);1º ciclo;Finalizado;CENAP;23/03/2012;2012;27/06/2014;27/06/2014;01/02/2017;2017;Portaria com prazo expirado;Portaria 76 (17/06/2014);02070.002648/2010-01;;https://www.gov.br/icmbio/pt-br/assuntos/biodiversidade/pan/pan-onca-parda
CENAP_05.01;(Finalizado) Lobo-guará;Plano de Ação Nacional para a Conservação do Lobo-guará;CENAP_05.01;Lobo-guará;Monoespecífico;Específico (distribuição da espécie);1º ciclo;Finalizado;CENAP;02/04/2012;2012;27/03/2014;27/03/2014;01/06/2017;2017;Portaria com prazo expirado;Portaria 31 (27/03/2014);02070.004223/2010-28;;https://www.gov.br/icmbio/pt-br/assuntos/biodiversidade/pan/pan-lobo-guara
RAN_02.01;(Finalizado) Herpetofauna da Serra do Espinhaço;Plano de Ação Nacional para Conservação da Herpetofauna Ameaçada da Serra do Espinhaço;RAN_02.01;Herpetofauna da Serra do Espinhaço;Multiclasse;Ecossistema;1º ciclo;Finalizado;RAN;17/02/2012;2012;16/12/2016;;01/03/2017;2017;Portaria com prazo expirado;Portaria 109 (16/12/2016);;;https://www.gov.br/icmbio/pt-br/assuntos/biodiversidade/pan/pan-herpetofauna-do-espinhaco
RAN_03.01;(Finalizado) Herpetofauna do Sul;Plano de Ação Nacional para Conservação de Répteis e Anfíbios Ameaçados da Região Sul do Brasil;RAN_03.01;Herpetofauna do Sul;Multiclasse;Bioma;1º ciclo;Finalizado;RAN;17/02/2012;2012;17/02/2012;;01/02/2017;2017;Portaria com prazo expirado;Portaria 25 (17/02/2012);;;https://www.gov.br/icmbio/pt-br/assuntos/biodiversidade/pan/pan-herpetofauna-do-sul
CEPAM_01.01;(Finalizado) Baixo e Médio Xingu;Plano de Ação Nacional para Conservação das Espécies Endêmicas Ameaçadas de Extinção da Fauna da Região do Baixo e Médio Xingu;CEPAM_01.01;Baixo e Médio Xingu;Multiclasse;Bacia;1º ciclo;Finalizado;CEPAM;17/02/2012;2012;17/02/2012;17/02/2012;11/03/2019;2019;Portaria com prazo expirado;Portaria 16 (17/02/2012);02070.001962/0110-0;;https://www.gov.br/icmbio/pt-br/assuntos/biodiversidade/pan/pan-xingu
CEPTA_02.01;(Finalizado) Mogi/Pardo/Sapucaí-Mirim/Grande - 1º ciclo;Plano de Ação Nacional para a Conservação das Espécies da Fauna Aquática Ameaçadas de Extinção do Ecossistema Mogi/Pardo/Sapucaí-Mirim/Grande;CEPTA_02.01;Mogi/Pardo/Sapucaí-Mirim/Grande;Multiclasse;Bacia;1º ciclo;Finalizado;CEPTA;17/02/2012;2012;16/01/2017;16/01/2017;01/02/2020;2020;Portaria com prazo expirado;Portaria 20 (16/01/2017);02031.000021/2011-54;;https://www.gov.br/icmbio/pt-br/assuntos/biodiversidade/pan/pan-mogi-pardo-sapucai-mirim-grande
CEMAVE_14.01;(Finalizado) Aves Limícolas Migratórias - 1º ciclo;Plano de Ação Nacional para Conservação das Aves Limícolas Migratórias;CEMAVE_14.01;Aves Limícolas Migratórias;Intraclasse;Nacional;1º ciclo;Finalizado;CEMAVE;05/07/2013;2013;27/07/2016;;01/12/2018;2018;Portaria com prazo expirado;Portaria 77 (27/07/2016);02061.000023/2012-77;;https://www.gov.br/icmbio/pt-br/assuntos/biodiversidade/pan/pan-aves-limicolas-migratorias
CENAP_06.01;(Finalizado) Cachorro-vinagre;Plano de Ação Nacional para Conservação do Cachorro Vinagre, Speothos venaticus;CENAP_06.01;Cachorro-vinagre;Monoespecífico;Específico (distribuição da espécie);1º ciclo;Finalizado;CENAP;05/07/2013;2013;05/07/2013;05/07/2013;01/06/2018;2018;Portaria com prazo expirado;Portaria 202 (05/07/2013);02070.001039/2012-98;;https://www.gov.br/icmbio/pt-br/assuntos/biodiversidade/pan/pan-cachorro-vinagre
CEPTA_03.01;(Finalizado) Rivulideos - 1º ciclo;Plano de Ação Nacional para a Conservação dos Peixes Rivulídeos Ameaçados de Extinção;CEPTA_03.01;Rivulideos;Multiclasse;Nacional;1º ciclo;Finalizado;CEPTA;19/06/2013;2013;19/06/2013;19/06/2013;01/05/2018;2018;Portaria com prazo expirado;Portaria 198 (19/06/2013);02031.000001/2012-64;;https://www.gov.br/icmbio/pt-br/assuntos/biodiversidade/pan/pan-rivulideos
RAN_04.01;(Finalizado) Herpetofauna da MA do Nordeste;Plano de Ação Nacional para a Conservação da Herpetofauna Ameaçada do Nordeste;RAN_04.01;Herpetofauna do Nordeste;Multiclasse;Bioma;1º ciclo;Finalizado;RAN;01/07/2013;2013;03/05/2016;;01/07/2018;2018;Portaria com prazo expirado;Portaria 38 (03/05/2016);;;https://www.gov.br/icmbio/pt-br/assuntos/biodiversidade/pan/pan-herpetofauna-do-nordeste
CEMAVE_15.02;(Finalizado) Arara-azul-de-Lear - 2º ciclo;Plano de Ação Nacional para Conservação da Arara-azul-de-lear (Anodorhynchus leari);CEMAVE_15.02;Arara-azul-de-Lear;Monoespecífico;Específico (distribuição da espécie);2º ciclo;Finalizado;CEMAVE;27/03/2014;2014;27/03/2014;;01/02/2017;2017;Portaria com prazo expirado;Portaria 33 (27/03/2014);02070.002414/2009-11;;https://www.gov.br/icmbio/pt-br/assuntos/biodiversidade/pan/pan-arara-azul-de-lear
CENAP_07.01;(Finalizado) Pequenos Felinos - 1º ciclo;Plano de Ação Nacional para a Conservação dos Pequenos Felinos;CENAP_07.01;Pequenos Felinos;Intraclasse;Nacional;1º ciclo;Finalizado;CENAP;27/03/2014;2014;27/03/2014;27/03/2014;01/06/2018;2018;Portaria com prazo expirado;Portaria 32 (27/03/2014);02070.001040/2012-12;;https://www.gov.br/icmbio/pt-br/assuntos/biodiversidade/pan/pan-pequenos-felinos
CEMAVE_17.01;(Finalizado) Aves do Cerrado e Pantanal - 1º ciclo;Plano de Ação Nacional para Conservação das Aves do Cerrado e Pantanal;CEMAVE_17.01;Aves do Cerrado e Pantanal;Intraclasse;Bioma;1º ciclo;Finalizado;CEMAVE;27/03/2014;2014;27/03/2014;;01/01/2019;2019;Portaria com prazo expirado;Portaria 34 (27/03/2014);02061.000009/2013-54;https://www.gov.br/icmbio/pt-br/assuntos/biodiversidade/pan/img/logo/cemave_17-01.png;https://www.gov.br/icmbio/pt-br/assuntos/biodiversidade/pan/pan-aves-do-cerrado-e-pantanal
CEPSUL_01.01;(Finalizado) Tubarões - 1º ciclo;Plano de Ação Nacional para a Conservação dos Tubarões e Raias Marinhas Ameaçados de Extinção;CEPSUL_01.01;Tubarões;Intraclasse;Bioma;1º ciclo;Finalizado;CEPSUL;04/12/2014;2014;04/12/2014;04/12/2014;01/07/2019;2019;Portaria com prazo expirado;Portaria 125 (04/12/2014);02070.002911/ 2011-34;;https://www.gov.br/icmbio/pt-br/assuntos/biodiversidade/pan/pan-tubaroes
CPB_06.01;(Finalizado) Tatu-bola;Plano de Ação Nacional para Conservação do Tatu-bola;CPB_06.01;Tatu-bola;Monoespecífico;Específico (distribuição da espécie);1º ciclo;Finalizado;CPB;22/05/2014;2014;13/04/2018;13/04/2018;01/06/2019;2019;Portaria com prazo expirado;Portaria 332 (13/04/2018);02070.001092/2014-51;;https://www.gov.br/icmbio/pt-br/assuntos/biodiversidade/pan/pan-tatu-bola
CEMAVE_16.01;(Finalizado) Aves da Amazônia - 1º ciclo;Plano de Ação Nacional para Conservação das Aves da Amazônia;CEMAVE_16.01;Aves da Amazônia;Intraclasse;Bioma;1º ciclo;Finalizado;CEMAVE;27/03/2014;2014;16/05/2016;;01/02/2021;2021;Portaria com prazo expirado;Portaria 45 (16/05/2016);02061.000007/2012-84;https://www.gov.br/icmbio/pt-br/assuntos/biodiversidade/pan/img/logo/cemave_16-01.png;https://www.gov.br/icmbio/pt-br/assuntos/biodiversidade/pan/pan-aves-da-amazonia
CEPTA_04.01;(Finalizado) São Francisco - 1º ciclo;Plano de Ação Nacional para Conservação das Espécies Ameaçadas de Extinção da Fauna Aquática da Bacia do Rio São Francisco;CEPTA_04.01;São Francisco;Intraclasse;Bacia;1º ciclo;Finalizado;CEPTA;27/05/2015;2015;27/05/2015;27/05/2015;27/05/2020;2020;Portaria com prazo expirado;Portaria 34 (27/05/2015);02031.000013/2013-70;;https://www.gov.br/icmbio/pt-br/assuntos/biodiversidade/pan/pan-sao-francisco
CNPT_01.01;(Finalizado) Manguezal;Plano de Ação Nacional para Conservação das Espécies Ameaçadas e de Importância Socioeconômica do Ecossistema Manguezal;CNPT_01.01;Manguezal;Multiclasse;Ecossistema;1º ciclo;Finalizado;CNPT;29/01/2015;2015;10/09/2019;10/09/2019;01/01/2020;2020;Portaria com prazo expirado;Portaria 500 (10/09/2019);02177.000048/2018-69;;https://www.gov.br/icmbio/pt-br/assuntos/biodiversidade/pan/pan-manguezal
RAN_05.01;(Finalizado) Quelônios Amazônicos;Plano de Ação Nacional para Conservação dos Quelônios Amazônicos;RAN_05.01;Quelônios Amazônicos;Intraclasse;Bioma;1º ciclo;Finalizado;RAN;04/04/2015;2015;04/04/2015;;01/01/2020;2020;Portaria com prazo expirado;Portaria conjunta 01 (04/04/2015);;;https://www.gov.br/icmbio/pt-br/assuntos/biodiversidade/pan/pan-quelonios
RAN_06.01;(Finalizado) Herpetofauna da MA do Sudeste;Plano de Ação Nacional para Conservação da Herpetofauna Ameaçada de Extinção da Mata Atlântica da Região Sudeste do Brasil;RAN_06.01;Herpetofauna da MA do Sudeste;Multiclasse;Bioma;1º ciclo;Finalizado;RAN;06/10/2015;2015;06/10/2015;;01/12/2020;2020;Portaria com prazo expirado;Portaria 48 (06/10/2015);02071.000021/2013-40;;https://www.gov.br/icmbio/pt-br/assuntos/biodiversidade/pan/pan-herpetofauna-do-sudeste
CENAP_08.02;(Finalizado) Ariranha - 2º ciclo;Plano de Ação Nacional para a Conservação da Ariranha (Pteronura brasiliensis);CENAP_08.02;Ariranha;Monoespecífico;Específico (distribuição da espécie);2º ciclo;Finalizado;CENAP;24/08/2016;2016;24/08/2016;24/08/2016;01/12/2020;2020;Portaria com prazo expirado;Portaria 85 (24/08/2016);02070.004196/2010-93;;https://www.gov.br/icmbio/pt-br/assuntos/biodiversidade/pan/pan-ariranha
CEMAVE_19.02;(Finalizado) Soldadinho-do-araripe - 2º ciclo;Plano de Ação Nacional para Conservação do Soldadinho-do-araripe;CEMAVE_19.02;Soldadinho-do-araripe;Monoespecífico;Específico (distribuição da espécie);2º ciclo;Finalizado;CEMAVE;29/09/2016;2016;29/09/2016;;01/10/2021;2021;Portaria com prazo expirado;Portaria 92 (29/09/2016);02070.002655/2010-02;https://www.gov.br/icmbio/pt-br/assuntos/biodiversidade/pan/img/logo/cemave_19-02.png;https://www.gov.br/icmbio/pt-br/assuntos/biodiversidade/pan/pan-soldadinho-do-araripe
CEPSUL_02.01;(Finalizado) Corais;Plano de Ação Nacional para a Conservação dos Ambientes Coralíneos;CEPSUL_02.01;Corais;Multiclasse;Ecossistema;1º ciclo;Finalizado;CEPSUL;09/03/2016;2016;09/03/2016;09/03/2016;01/02/2021;2021;Portaria com prazo expirado;Portaria 19 (09/03/2016);02070.001393/2013-01;;https://www.gov.br/icmbio/pt-br/assuntos/biodiversidade/pan/pan-corais
CEMAVE_20.01;(Finalizado) Aves da Mata Atlântica - 1º ciclo;Plano de Ação Nacional para Conservação das Aves da Mata Atlântica;CEMAVE_20.01;Aves da Mata Atlântica;Intraclasse;Bioma;1º ciclo;Finalizado;CEMAVE;24/01/2017;2017;14/03/2018;14/03/2018;01/02/2022;2022;Portaria com prazo expirado;Portaria 208 (14/03/2018);02061.000001/2014-79;https://www.gov.br/icmbio/pt-br/assuntos/biodiversidade/pan/img/logo/cemave_20-01.png;https://www.gov.br/icmbio/pt-br/assuntos/biodiversidade/pan/pan-aves-da-mata-atlantica
CEMAVE_21.02;(Finalizado) Papagaios - 2º ciclo;Plano de Ação Nacional para a Conservação dos Papagaios;CEMAVE_21.02;Papagaios;Intraclasse;Nacional;2º ciclo;Finalizado;CEMAVE;17/08/2017;2017;17/08/2017;17/08/2017;01/08/2022;2022;Portaria com prazo expirado;Portaria 530 (17/08/2017);02061.000013/2017-46;https://www.gov.br/icmbio/pt-br/assuntos/biodiversidade/pan/img/logo/cemave_21-02.png;https://www.gov.br/icmbio/pt-br/assuntos/biodiversidade/pan/pan-papagaios
CEPTA_05.01;(Finalizado) Baixo Iguaçu - 1º ciclo;Plano de Ação Nacional para a Conservação das Espécies Ameaçadas de Extinção da Fauna Aquática e Semiaquática da Bacia do Baixo Iguaçu;CEPTA_05.01;Baixo Iguaçu;Multiclasse;Bacia;1º ciclo;Finalizado;CEPTA;24/11/2017;2017;24/11/2017;24/11/2017;01/12/2022;2022;Portaria com prazo expirado;Portaria 767 (24/11/2017);02031.010037/2016-80;https://www.gov.br/icmbio/pt-br/assuntos/biodiversidade/pan/img/logo/cepta_05-01.jpg;https://www.gov.br/icmbio/pt-br/assuntos/biodiversidade/pan/pan-baixo-iguacu
CEMAVE_22.02;(Finalizado) Aves dos Campos Sulinos - 2º ciclo;Plano de Ação Nacional para a Conservação das Aves dos Campos Sulinos;CEMAVE_22.02;Aves dos Campos Sulinos;Intraclasse;Ecossistema;2º ciclo;Finalizado;CEMAVE;26/12/2017;2017;26/12/2017;26/12/2017;01/02/2023;2023;Portaria com prazo expirado;Portaria 856 (26/12/2017);02061.000060/2017-90;https://www.gov.br/icmbio/pt-br/assuntos/biodiversidade/pan/img/logo/cemave_22-02.png;https://www.gov.br/icmbio/pt-br/assuntos/biodiversidade/pan/pan-aves-dos-campos-sulinos
CPB_07.01;(Finalizado) Primatas Amazônicos - 1º ciclo;Plano de Ação Nacional para a Conservação dos Primatas Amazônicos;CPB_07.01;Primatas Amazônicos;Intraclasse;Bioma;1º ciclo;Finalizado;CPB;01/12/2017;2017;01/12/2017;01/12/2017;01/01/2023;2023;Portaria com prazo expirado;Portaria 792 (01/12/2017);02062.000024/2017-16;https://www.gov.br/icmbio/pt-br/assuntos/biodiversidade/pan/img/logo/cpb_07-01.png;https://www.gov.br/icmbio/pt-br/assuntos/biodiversidade/pan/pan-primatas-amazonicos
TAMAR_02.02;(Finalizado) Tartarugas Marinhas - 2º ciclo;Plano de Ação Nacional para a Conservação das Tartarugas Marinhas;TAMAR_02.02;Tartarugas Marinhas;Intraclasse;Bioma;2º ciclo;Finalizado;TAMAR;26/04/2017;2017;26/04/2017;;01/05/2023;2023;Portaria com prazo expirado;Portaria 287 (26/04/2017);02044.010042/2016-43;;https://www.gov.br/icmbio/pt-br/assuntos/biodiversidade/pan/pan-tartarugas-marinhas
CPB_08.02;(Finalizado) Primatas do Nordeste - 2º ciclo;Plano de Ação Nacional para a Conservação dos Primatas do Nordeste;CPB_08.02;Primatas do Nordeste;Intraclasse;Bioma;2º ciclo;Finalizado;CPB;27/03/2018;2018;27/03/2018;27/03/2018;01/12/2022;2022;Portaria com prazo expirado;Portaria 242 (27/03/2018);02070.002934/2011-49;https://www.gov.br/icmbio/pt-br/assuntos/biodiversidade/pan/img/logo/cpb_08-02.jpg;https://www.gov.br/icmbio/pt-br/assuntos/biodiversidade/pan/pan-primatas-do-nordeste
CEMAVE_23.02;(Finalizado) Pato-mergulhão - 2º ciclo;Plano de Ação Nacional para a Conservação do Pato-mergulhão;CEMAVE_23.02;Pato-mergulhão;Monoespecífico;Específico (distribuição da espécie);2º ciclo;Finalizado;CEMAVE;08/02/2018;2018;08/02/2018;08/02/2018;01/01/2023;2023;Portaria com prazo expirado;Portaria 122 (08/02/2018);02061.000077/2017-47;https://www.gov.br/icmbio/pt-br/assuntos/biodiversidade/pan/img/logo/cemave_23-02.png;https://www.gov.br/icmbio/pt-br/assuntos/biodiversidade/pan/pan-pato-mergulhao
CEMAVE_24.01;(Finalizado) Aves Marinhas;Plano de Ação Nacional para a Conservação das Aves Marinhas;CEMAVE_24.01;Aves Marinhas;Intraclasse;Bioma;1º ciclo;Finalizado;CEMAVE;04/04/2018;2018;04/04/2018;04/04/2018;01/03/2023;2023;Portaria com prazo expirado;Portaria 286 (04/04/2018);02061.000847/2017-51;https://www.gov.br/icmbio/pt-br/assuntos/biodiversidade/pan/img/logo/cemave_24-01.png;https://www.gov.br/icmbio/pt-br/assuntos/biodiversidade/pan/pan-aves-marinhas
CEMAVE_25.02;(Finalizado) Aves da Caatinga - 2º ciclo;Plano de Ação Nacional para Conservação das Aves da Caatinga;CEMAVE_25.02;Aves da Caatinga;Intraclasse;Bioma;2º ciclo;Finalizado;CEMAVE;09/04/2018;2018;09/04/2018;09/04/2018;01/02/2023;2023;Portaria com prazo expirado;Portaria 304 (09/04/2018);02061.000832/2017-93;https://www.gov.br/icmbio/pt-br/assuntos/biodiversidade/pan/img/logo/cemave_25-02.png;https://www.gov.br/icmbio/pt-br/assuntos/biodiversidade/pan/pan-aves-da-caatinga
CEMAVE_26.03;(Finalizado) Albatrozes e Petréis - 3º ciclo;Plano de Ação Nacional para a Conservação dos Albatrozes e Petréis;CEMAVE_26.03;Albatrozes e Petréis;Intraclasse;Bioma;3º ciclo;Finalizado;CEMAVE;24/04/2018;2018;24/04/2018;24/04/2018;01/05/2023;2023;Portaria com prazo expirado;Portaria 378 (24/04/2018);02061.000878/2017-11;https://www.gov.br/icmbio/pt-br/assuntos/biodiversidade/pan/img/logo/cemave_26-03.png;https://www.gov.br/icmbio/pt-br/assuntos/biodiversidade/pan/pan-albatrozes-e-petreis
CENAP_09.01;(Finalizado) Grandes Felinos;Plano de Ação Nacional para a Conservação dos Grandes Felinos;CENAP_09.01;Grandes Felinos;Intraclasse;Nacional;1º ciclo;Finalizado;CENAP;22/06/2018;2018;22/06/2018;22/06/2018;01/12/2023;2023;Portaria com prazo expirado;Portaria 612 (22/06/2018);02068.000015/2018-56;;https://www.gov.br/icmbio/pt-br/assuntos/biodiversidade/pan/pan-grandes-felinos
CENAP_10.01;(Finalizado) Canídeos - 1º ciclo ;Plano de Ação Nacional para a Conservação dos Canídeos Silvestres;CENAP_10.01;Canídeos;Intraclasse;Nacional;1º ciclo;Finalizado;CENAP;06/07/2018;2018;06/07/2018;06/07/2018;01/12/2023;2023;Portaria com prazo expirado;Portaria 664 (06/07/2018);02068.000014/2018-10;;https://www.gov.br/icmbio/pt-br/assuntos/biodiversidade/pan/pan-canideos
CEPENE_01.01;Peixe-boi Marinho;Plano de Ação Nacional para Conservação dos Peixes-bois Marinhos (Trichechus manatus);CEPENE_01.01;Peixe-boi Marinho;Monoespecífico;Específico (distribuição da espécie);1º ciclo;Em execução;CMA;04/04/2018;2018;04/04/2018;04/04/2018;01/02/2023;2023;Portaria com prazo expirado;Portaria 249 (04/04/2018);02030.000037/2017-62;;https://www.gov.br/icmbio/pt-br/assuntos/biodiversidade/pan/pan-peixe-boi-marinho
CEPSUL_03.01;Lagoas do Sul;Plano de Ação Nacional para a Conservação dos Sistemas Lacustres e Lagunares do Sul do Brasil;CEPSUL_03.01;Lagoas do Sul;Multiclasse;Ecossistema;1º ciclo;Em execução;CEPSUL;27/08/2018;2018;27/08/2018;27/08/2018;01/09/2023;2023;Portaria com prazo expirado;Portaria 751 (27/08/2018);02032.010059/2016-30;;https://www.gov.br/icmbio/pt-br/assuntos/biodiversidade/pan/pan-lagoas-do-sul
CPB_09.02;(Finalizado) Sauim-de-coleira - 2º ciclo;Plano de Ação Nacional para a Conservação do Sauim-de-coleira;CPB_09.02;Sauim-de-coleira;Monoespecífico;Específico (distribuição da espécie);2º ciclo;Finalizado;CPB;04/04/2018;2018;04/04/2018;04/04/2018;01/01/2023;2023;Portaria com prazo expirado;Portaria 281 (04/04/2018);02070.001873/2011-01;https://www.gov.br/icmbio/pt-br/assuntos/biodiversidade/pan/img/logo/cpb_09-02.png;https://www.gov.br/icmbio/pt-br/assuntos/biodiversidade/pan/pan-sauim-de-coleira
CPB_10.01;(Finalizado) Primatas da Mata Atlântica e da Preguiça-de-Coleira - 1º ciclo;Plano de Ação Nacional para a Conservação dos Primatas da Mata Atlântica e da Preguiça-de-Coleira;CPB_10.01;Primatas da Mata Atlântica e preguiça-de-coleira;Intraclasse;Bioma;1º ciclo;Finalizado;CPB;07/08/2018;2018;07/08/2018;07/08/2018;01/07/2023;2023;Portaria com prazo expirado;Portaria 702 (07/08/2018);02062.000014/2018-61;https://www.gov.br/icmbio/pt-br/assuntos/biodiversidade/pan/img/logo/cpb_10-01.png;https://www.gov.br/icmbio/pt-br/assuntos/biodiversidade/pan/pan-primatas-ma-e-preguica-de-coleira
RAN_07.01;(Finalizado) CERPAN;Plano de Ação Nacional para Conservação das Espécies Ameaçadas de Extinção da Ictiofauna, Herpetofauna e Primatas do Cerrado e Pantanal;RAN_07.01;Cerrado e Pantanal;Multiclasse;Bioma;1º ciclo;Finalizado;RAN;09/04/2018;2018;09/04/2018;;01/05/2023;2023;Portaria com prazo expirado;Portaria 293 (09/04/2018);02071.000132/2017-80;https://www.gov.br/icmbio/pt-br/assuntos/biodiversidade/pan/img/logo/ran_07-01.png;https://www.gov.br/icmbio/pt-br/assuntos/biodiversidade/pan/pan-cerpan
RAN_08.02;(Finalizado) Herpetofauna do Espinhaço Mineiro - 2º ciclo;Plano de Ação Nacional para Conservação da Herpetofauna Ameaçada da Serra do Espinhaço;RAN_08.02;Herpetofauna da Serra do Espinhaço;Multiclasse;Ecossistema;2º ciclo;Finalizado;RAN;24/04/2018;2018;24/04/2018;;01/12/2023;2023;Portaria com prazo expirado;Portaria 384 (24/04/2018);02071.000027/2018-21;https://www.gov.br/icmbio/pt-br/assuntos/biodiversidade/pan/img/logo/ran_08-02.png;https://www.gov.br/icmbio/pt-br/assuntos/biodiversidade/pan/pan-herpetofauna-do-espinhaco
RAN_10.02;Herpetofauna do Nordeste - 2º ciclo;Plano de Ação Nacional para a Conservação da Herpetofauna Ameaçada do Nordeste;RAN_10.02;Herpetofauna do Nordeste;Multiclasse;Bioma;2º ciclo;Em execução;RAN;28/12/2018;2018;25/07/2019;;01/01/2024;2024;Portaria com prazo expirado;Portaria 354 (25/07/2019);02071.000134/2018-50;;https://www.gov.br/icmbio/pt-br/assuntos/biodiversidade/pan/pan-herpetofauna-do-nordeste
CEMAVE_27.02;(Finalizado) Ararinha-azul - 2º ciclo;Plano de Ação Nacional para a Conservação da Ararinha-azul;CEMAVE_27.02;Ararinha-azul;Monoespecífico;Específico (distribuição da espécie);2º ciclo;Finalizado;CEMAVE;25/07/2019;2019;25/07/2019;25/07/2019;01/07/2024;2024;Portaria com prazo expirado;Portaria 353 (25/07/2019);02061.000869/2017-11;https://www.gov.br/icmbio/pt-br/assuntos/biodiversidade/pan/img/logo/cemave_27-02.png;https://www.gov.br/icmbio/pt-br/assuntos/biodiversidade/pan/pan-ararinha-azul
CEMAVE_28.02;Aves Limícolas Migratórias - 2º ciclo;Plano de Ação Nacional para Conservação das Aves Limícolas Migratórias;CEMAVE_28.02;Aves Limícolas Migratórias;Intraclasse;Nacional;2º ciclo;Em execução;CEMAVE;10/09/2019;2019;10/09/2019;10/09/2019;01/09/2024;2024;Portaria com prazo expirado;Portaria 491 (10/09/2019);02061.000030/2019-45;https://www.gov.br/icmbio/pt-br/assuntos/biodiversidade/pan/img/logo/cemave_28-02.png;https://www.gov.br/icmbio/pt-br/assuntos/biodiversidade/pan/pan-aves-limicolas-migratorias
CENAP_11.01;Ungulados;Plano de Ação Nacional para a Conservação dos Ungulados;CENAP_11.01;Ungulados;Intraclasse;Nacional;1º ciclo;Em execução;CENAP;25/07/2019;2019;25/07/2019;25/07/2019;01/07/2024;2024;Portaria com prazo expirado;Portaria 356 (25/07/2019);02068.000078/2018-11;;https://www.gov.br/icmbio/pt-br/assuntos/biodiversidade/pan/pan-ungulados
CEPAM_02.01;Peixes Amazônicos;Plano de Ação Nacional para a Conservação de Espécies de Peixes Ameaçados de Extinção da Amazônia;CEPAM_02.01;Peixes Amazônicos;Multiclasse;Bioma;1º ciclo;Em execução;CEPAM;01/08/2019;2019;01/08/2019;01/08/2019;01/07/2024;2024;Portaria com prazo expirado;Portaria 374 (01/08/2019);02083000012/2018-24;https://www.gov.br/icmbio/pt-br/assuntos/biodiversidade/pan/img/logo/cepam_02-01.jpg;https://www.gov.br/icmbio/pt-br/assuntos/biodiversidade/pan/pan-peixes-amazonicos
CEPTA_06.01;Peixes e Eglas da Mata Atlântica;Plano de Ação Nacional para a Conservação de Espécies de Peixes e Eglas Ameaçados de Extinção da Mata Atlântica;CEPTA_06.01;Peixes da Mata Atlântica;Multiclasse;Bacia;1º ciclo;Em execução;CEPTA;01/08/2019;2019;01/08/2019;01/08/2019;01/07/2024;2024;Portaria com prazo expirado;Portaria 370 (01/08/2019);02031000220/2017-58;https://www.gov.br/icmbio/pt-br/assuntos/biodiversidade/pan/img/logo/cepta_06-01.jpg;https://www.gov.br/icmbio/pt-br/assuntos/biodiversidade/pan/pan-peixes-e-eglas-da-ma
CMA_05.01;Mamíferos Aquáticos Amazônicos;Plano de Ação Nacional para Conservação de Mamíferos Aquáticos Amazônicos Ameaçados de Extinção;CMA_05.01;Mamíferos Aquáticos Amazônicos;Intraclasse;Bioma;1º ciclo;Em execução;CMA;16/01/2019;2019;16/01/2019;16/01/2019;01/01/2024;2024;Portaria com prazo expirado;Portaria 19 (16/01/2019);02034000085/2018-00;;https://www.gov.br/icmbio/pt-br/assuntos/biodiversidade/pan/pan-mamiferos-aquaticos-amazonicos
CMA_06.01;Cetáceos Marinhos;Plano de Ação Nacional para Conservação de Cetáceos Marinhos Ameaçados de Extinção;CMA_06.01;Cetáceos Marinhos;Intraclasse;Bioma;1º ciclo;Em execução;CMA;01/08/2019;2019;01/08/2019;01/08/2019;01/07/2024;2024;Portaria com prazo expirado;Portaria 375 (01/08/2019);02034000088/2018-35;;https://www.gov.br/icmbio/pt-br/assuntos/biodiversidade/pan/pan-cetaceos-marinhos
CMA_07.02;Toninha - 2º ciclo;Plano de Ação Nacional para Conservação da Toninha;CMA_07.02;Toninha;Monoespecífico;Específico (distribuição da espécie);2º ciclo;Em execução;CMA;04/11/2019;2019;04/11/2019;04/11/2019;01/09/2024;2024;Portaria com prazo expirado;Portaria 655 (04/11/2019) ;02034.000033/2019-14;;https://www.gov.br/icmbio/pt-br/assuntos/biodiversidade/pan/pan-toninha
CPB_11.01;Tamanduá-bandeira e Tatus;Plano de Ação Nacional para a Conservação do Tamanduá-bandeira, Tatu-canastra e Tatu-bola;CPB_11.01;Tamanduá-bandeira e Tatus;Intraclasse;Específico (distribuição da espécie);1º ciclo;Em execução;CPB;25/07/2019;2019;27/06/2022;01/07/2022;01/07/2024;2024;Portaria com prazo expirado;Portaria 534 (27/06/2022);02062.000053/2018-69;https://www.gov.br/icmbio/pt-br/assuntos/biodiversidade/pan/img/logo/cpb_11-01.png;https://www.gov.br/icmbio/pt-br/assuntos/biodiversidade/pan/pan-tamandua-bandeira-e-tatu-canastra
RAN_09.02;Herpetofauna do Sul - 2º ciclo;Plano de Ação Nacional para Conservação de Répteis e Anfíbios Ameaçados da Região Sul do Brasil;RAN_09.02;Herpetofauna do Sul;Multiclasse;Bioma;2º ciclo;Em execução;RAN;23/07/2019;2019;23/07/2019;;01/05/2024;2024;Portaria com prazo expirado;Portaria 350 (23/07/2019);02071.000040/2018-81;https://www.gov.br/icmbio/pt-br/assuntos/biodiversidade/pan/img/logo/ran_09-02.png;https://www.gov.br/icmbio/pt-br/assuntos/biodiversidade/pan/pan-herpetofauna-do-sul
CBC_02.01;Insetos Polinizadores;Plano de Ação Nacional para a Conservação Plano de Ação Nacional para a Conservação dos Insetos Polinizadores Ameaçados de Extinção;CBC_02.01;Insetos Polinizadores;Intraclasse;Nacional;1º ciclo;Em execução;CBC;05/12/2022;2022;05/12/2022;02/01/2022;31/12/2027;2027;Portaria vigente;Portaira 1145 (05/12/2022);02176.000061/2019-17;;https://www.gov.br/icmbio/pt-br/assuntos/biodiversidade/pan/pan-insetos-polinizadores
CECAV_03.01;Cavernas do Brasil;Plano de Ação Nacional para a Conservação do Patrimônio Espeleológico Brasileiro;CECAV_03.01;Cavernas do Brasil;Multiclasse;Ecossistema;1º ciclo;Em execução;CECAV;09/08/2022;2022;09/08/2022;01/09/2022;01/08/2027;2027;Portaria vigente;Portaria 646 (09/08/2022);02667.000076/2019-45;https://www.gov.br/icmbio/pt-br/assuntos/biodiversidade/pan/img/logo/cecav_03-01.jpg;https://www.gov.br/icmbio/pt-br/assuntos/biodiversidade/pan/pan-cavernas-do-brasil
CENAP_12.02;Pequenos Felinos - 2º ciclo;Plano de Ação Nacional para a Conservação dos Pequenos Felinos;CENAP_12.02;Pequenos Felinos;Intraclasse;Nacional;2º ciclo;Em execução;CENAP;21/06/2022;2022;21/06/2022;01/07/2022;01/07/2027;2027;Portaria vigente;Portaria 493 (21/06/2022);02068.000061/2019-36;;https://www.gov.br/icmbio/pt-br/assuntos/biodiversidade/pan/pan-pequenos-felinos
CENAP_13.01;Pequenos Mamíferos de Áreas Abertas;Plano de Ação Nacional para a Conservação dos Pequenos Mamíferos de Áreas Abertas;CENAP_13.01;Pequenos Mamíferos de Áreas Abertas;Intraclasse;Nacional;1º ciclo;Em execução;CENAP;05/07/2022;2022;05/07/2022;01/08/2022;01/08/2027;2027;Portaria vigente;Portaria 560 (5/07/2022);02068.000056/2019-23;;https://www.gov.br/icmbio/pt-br/assuntos/biodiversidade/pan/pan-pequenos-mamiferos-areas-abertas
CENAP_14.01;Pequenos Mamíferos de Áreas Florestais;Plano de Ação Nacional para a Conservação dos Pequenos Mamíferos de Áreas Florestais;CENAP_14.01;Pequenos Mamíferos de Áreas Florestais;Intraclasse;Nacional;1º ciclo;Em execução;CENAP;04/07/2022;2022;04/07/2022;01/08/2022;02/08/2027;2027;Portaria vigente;Portaria 561 (4/07/2022);02068.000063/2019-25;https://www.gov.br/icmbio/pt-br/assuntos/biodiversidade/pan/img/logo/cenap_14-01.png/view;https://www.gov.br/icmbio/pt-br/assuntos/biodiversidade/pan/pan-pequenos-mamiferos-areas-florestais
CEPTA_07.02;Rivulideos - 2º ciclo;Plano de Ação Nacional para a Conservação dos Peixes Rivulídeos Ameaçados de Extinção;CEPTA_07.02;Rivulideos;Intraclasse;Nacional;2º ciclo;Em execução;CEPTA;04/07/2022;2022;04/07/2022;01/08/2022;01/07/2027;2027;Portaria vigente;Portaria 553 (04/07/2022);02031.000032/2019-91;https://www.gov.br/icmbio/pt-br/assuntos/biodiversidade/pan/img/logo/cepta_07-02.jpg;https://www.gov.br/icmbio/pt-br/assuntos/biodiversidade/pan/pan-rivulideos
CEMAVE_29.02;Aves do Cerrado e Pantanal - 2º ciclo;Plano de Ação Nacional para Conservação das Aves do Cerrado e Pantanal;CEMAVE_29.02;Aves do Cerrado e Pantanal;Intraclasse;Bioma;2º ciclo;Em execução;CEMAVE;01/09/2023;2023;23/08/2023;01/09/2023;01/08/2028;2028;Portaria vigente;Portaria 2811 (23/08/2023);02061.000038/2020-45;https://www.gov.br/icmbio/pt-br/assuntos/biodiversidade/pan/img/logo/cemave_17-01.png;https://www.gov.br/icmbio/pt-br/assuntos/biodiversidade/pan/pan-aves-do-cerrado-e-pantanal
CEMAVE_30.02;Aves da Amazônia - 2º ciclo;Plano de Ação Nacional para Conservação das Aves da Amazônia;CEMAVE_30.02;Aves da Amazônia;Intraclasse;Bioma;2º ciclo;Em execução;CEMAVE;01/08/2023;2023;26/07/2023;01/08/2023;01/07/2028;2028;Portaria vigente;Portaria 2402 (26/07/2023);02061.000203/2021-40;https://www.gov.br/icmbio/pt-br/assuntos/biodiversidade/pan/img/logo/cemave_16-01.png;https://www.gov.br/icmbio/pt-br/assuntos/biodiversidade/pan/pan-aves-da-amazonia
CEMAVE_31.02;Aves da Mata Atlântica - 2º ciclo;Plano de Ação Nacional para Conservação das Aves da Mata Atlântica;CEMAVE_31.02;Aves da Mata Atlântica;Intraclasse;Bioma;2º ciclo;Em execução;CEMAVE;01/11/2023;2023;04/10/2023;01/11/2023;01/10/2028;2028;Portaria vigente;Portaria 3369 (04/10/2023);02061.000248/2022-03;https://www.gov.br/icmbio/pt-br/assuntos/biodiversidade/pan/img/logo/cemave_20-01.png;https://www.gov.br/icmbio/pt-br/assuntos/biodiversidade/pan/pan-aves-da-mata-atlantica
CEPTA_08.02;São Francisco - 2º ciclo;Plano de Ação Nacional para Conservação das Espécies Ameaçadas de Extinção da Fauna Aquática da Bacia do Rio São Francisco;CEPTA_08.02;São Francisco;Intraclasse;Bacia;2º ciclo;Em execução;CEPTA;01/02/2023;2023;01/02/2023;01/03/2023;01/02/2028;2028;Portaria vigente;Portaria 124 (16/01/2023);02031.000049/2021-63;https://www.gov.br/icmbio/pt-br/assuntos/biodiversidade/pan/img/logo/cepta_08-02.jpg;https://www.gov.br/icmbio/pt-br/assuntos/biodiversidade/pan/pan-sao-francisco
CEMAVE_33.03;Aves da Caatinga - 3º ciclo;Plano de Ação Nacional para Conservação das Aves da Caatinga;CEMAVE_33.03;Aves da Caatinga;Intraclasse;Bioma;3º ciclo;Em execução;CEMAVE;03/06/2024;2024;22/05/2024;03/06/2024;03/06/2029;2029;Portaria vigente;Portaria 1546 (22/05/2024);02061.000029/2023-05;https://www.gov.br/icmbio/pt-br/assuntos/biodiversidade/pan/img/logo/cemave_25-02.png;https://www.gov.br/icmbio/pt-br/assuntos/biodiversidade/pan/pan-aves-da-caatinga
CEMAVE_34.02;Aves Marinhas - 2º ciclo;Plano de Ação Nacional para a Conservação das Aves Marinhas;CEMAVE_34.02;Aves Marinhas;Intraclasse;Bioma;2º ciclo;Em execução;CEMAVE;17/02/2024;2024;17/01/2024;17/02/2024;01/02/2029;2029;Portaria vigente;Portaria 167 (17/01/2024);02061.000048/2023-23;https://www.gov.br/icmbio/pt-br/assuntos/biodiversidade/pan/img/logo/cemave_24-01.png;https://www.gov.br/icmbio/pt-br/assuntos/biodiversidade/pan/pan-aves-marinhas
CENAP_15.03;Ariranha - 3º ciclo;Plano de Ação Nacional para a Conservação da Ariranha (Pteronura brasiliensis);CENAP_15.03;Ariranha;Monoespecífico;Específico (distribuição da espécie);3º ciclo;Em execução;CENAP;01/10/2024;2024;01/10/2024;01/10/2024;01/10/2029;2029;Portaria vigente;Portaria 2.901 (18/09/2024);02068.000081/2022-11;;https://www.gov.br/icmbio/pt-br/assuntos/biodiversidade/pan/pan-ariranha
CEPTA_09.01;Alto Paraná - 1º ciclo;Plano de Ação Nacional para a Conservação das Espécies de Peixes Ameaçadas de Extinção da Bacia do Alto Rio Paraná;CEPTA_09.01;Alto Paraná;Multiclasse;Bacia;1º ciclo;Em execução;CEPTA;01/02/2024;2024;17/01/2024;01/02/2024;01/02/2029;2029;Portaria vigente;Portaria 170 (22/01/2024);02031.000143/2021-12;https://www.gov.br/icmbio/pt-br/assuntos/biodiversidade/pan/img/logo/cepta_09-01.jpg;https://www.gov.br/icmbio/pt-br/assuntos/biodiversidade/pan/pan-alto-parana
CEPTA_10.02;Paraíba do Sul - 2º ciclo;Plano de Ação Nacional para Conservação das Espécies Aquáticas Ameaçadas de Extinção do Rio Paraíba do Sul;CEPTA_10.02;Paraíba do Sul;Multiclasse;Bacia;2º ciclo;Em execução;CEPTA;01/05/2024;2024;01/05/2024;01/05/2024;31/05/2029;2029;Portaria vigente;Portaria 1.133 (19/04/2024);02031.000124/2022-77;https://www.gov.br/icmbio/pt-br/assuntos/biodiversidade/pan/img/logo/cepta_10-02.jpg;https://www.gov.br/icmbio/pt-br/assuntos/biodiversidade/pan/pan-paraiba-do-sul
RAN_11.02;Herpetofauna do Sudeste - 2º ciclo;Plano de Ação Nacional para Conservação da Herpetofauna Ameaçada do Sudeste;RAN_11.02;Herpetofauna do Sudeste;Multiclasse;Bioma;2º ciclo;Em execução;RAN;01/10/2024;2024;01/10/2024;01/10/2024;01/10/2029;2029;Portaria vigente;Portaria 2897 (18 de setembro de 2024);02071.000042/2022-56;;https://www.gov.br/icmbio/pt-br/assuntos/biodiversidade/pan/pan-herpetofauna-do-sudeste
TAMAR_03.03;Tartarugas Marinhas - 3º ciclo;Plano de Ação Nacional para a Conservação das Tartarugas Marinhas;TAMAR_03.03;Tartarugas Marinhas;Intraclasse;Bioma;3º ciclo;Em execução;TAMAR;03/06/2024;2024;22/05/2024;03/06/2024;03/06/2029;2029;Portaria vigente;Portaria 1544 (22/05/2024);02044.000084/2023-03;;https://www.gov.br/icmbio/pt-br/assuntos/biodiversidade/pan/pan-tartarugas-marinhas
CEMAVE_32.03;Aves dos Campos Sulinos - 3º ciclo;Plano de Ação Nacional para a Conservação das Aves dos Campos Sulinos;CEMAVE_32.03;Aves dos Campos Sulinos;Intraclasse;Ecossistema;3º ciclo;Em execução;CEMAVE;01/01/2025;2025;01/01/2025;01/01/2025;01/01/2030;2030;Portaria vigente;Portaria 3.888 (12/12/2024);02061.000107/2023-63;https://www.gov.br/icmbio/pt-br/assuntos/biodiversidade/pan/img/logo/cemave_22-02.png;https://www.gov.br/icmbio/pt-br/assuntos/biodiversidade/pan/pan-aves-dos-campos-sulinos
CEMAVE_36.04;Albatrozes e Petréis - 4º ciclo;Plano de Ação Nacional para a Conservação dos Albatrozes e Petréis;CEMAVE_36.04;Albatrozes e Petréis;Intraclasse;Bioma;4º ciclo;Em execução;CEMAVE;01/01/2025;2025;01/01/2025;01/01/2025;01/01/2030;2030;Portaria vigente;Portaria 3.903 (12/12/2024);02061.000007/2024-18;https://www.gov.br/icmbio/pt-br/assuntos/biodiversidade/pan/img/logo/cemave_26-03.png;https://www.gov.br/icmbio/pt-br/assuntos/biodiversidade/pan/pan-albatrozes-e-petreis
CENAP_16.02;Grandes Felinos - 2º ciclo;Plano de Ação Nacional para a Conservação dos Grandes Felinos;CENAP_16.02;Grandes Felinos;Multiclasse;Nacional;2º ciclo;Em execução;CENAP;01/08/2025;2025;01/08/2025;01/08/2025;01/08/2030;2030;Portaria vigente;Portaria 2.623 (09/07/2025);02068.000016/2024-49;;https://www.gov.br/icmbio/pt-br/assuntos/biodiversidade/pan/pan-grandes-felinos
CENAP_17.02;Canídeos - 2º ciclo;Plano de Ação Nacional para a Conservação dos Canídeos Silvestres;CENAP_17.02;Canídeos;Intraclasse;Nacional;2º ciclo;Em execução;CENAP;02/05/2025;2025;24/04/2025;02/05/2025;02/05/2030;2030;Portaria vigente;Portaria 1.557 (24/04/2025);02068.000015/2024-02;;https://www.gov.br/icmbio/pt-br/assuntos/biodiversidade/pan/pan-canideos
CEPSUL_04.02;Tubarões - 2º ciclo;Plano de Ação Nacional para a Conservação dos Tubarões e Raias Marinhas Ameaçados de Extinção;CEPSUL_04.02;Tubarões;Intraclasse;Bioma;2º ciclo;Em execução;CEPSUL;Previsto;2025;24/04/2025;02/05/2025;02/05/2030;2030;Portaria vigente;Portaria 1.558 (28/04/2025);02032.000037/2022-18;;https://www.gov.br/icmbio/pt-br/assuntos/biodiversidade/pan/pan-tubaroes
CEPTA_11.02;Iguaçu - 2º ciclo ;Plano de Ação Nacional para a Conservação dos Peixes da Bacia do Rio Iguaçu;CEPTA_11.02;Iguaçu;Multiclasse;Bacia;2º ciclo;Em execução;CEPTA;24/04/2025;2025;02/05/2025;02/05/2025;02/05/2030;2030;Portaria vigente;Portaria 1.560 (24/04/2025);02031.000125/2023-01;https://www.gov.br/icmbio/pt-br/assuntos/biodiversidade/pan/img/logo/cepta_09-02.png/view;https://www.gov.br/icmbio/pt-br/assuntos/biodiversidade/pan/pan-iguacu
CPB_12.02;Primatas Amazônicos  - 2º ciclo;Plano de Ação Nacional para a Conservação dos Primatas Amazônicos;CPB_12.02;Primatas Amazônicos;Intraclasse;Bioma;2º ciclo;Em execução;CPB;24/04/2025;2025;28/04/2025;02/05/2025;02/05/2030;2030;Portaria vigente;Portaria 1.565 (24/04/2025);02062.000026/2024-34;https://www.gov.br/icmbio/pt-br/assuntos/biodiversidade/pan/img/logo/cpb_07-01.png;https://www.gov.br/icmbio/pt-br/assuntos/biodiversidade/pan/pan-primatas-amazonicos
CPB_13.03;Primatas do Nordeste - 3º ciclo;Plano de Ação Nacional para a Conservação dos Primatas do Nordeste;CPB_13.03;Primatas do Nordeste;Intraclasse;Bioma;3º ciclo;Em execução;CPB;24/04/2025;2025;28/04/2025;02/05/2025;02/05/2030;2030;Portaria vigente;Portaria 1.556 (24/04/2025);02070.002934/2011-49;https://www.gov.br/icmbio/pt-br/assuntos/biodiversidade/pan/img/logo/cpb_08-02.jpg;https://www.gov.br/icmbio/pt-br/assuntos/biodiversidade/pan/pan-primatas-do-nordeste
CPB_15.02;Primatas da Mata Atlântica e da Preguiça-de-Coleira - 2° ciclo;Plano de Ação Nacional para a Conservação dos Primatas da Mata Atlântica e da Preguiça-de-Coleira;CPB_15.02;Primatas da Mata Atlântica e preguiça-de-coleira;Intraclasse;Bioma;2º ciclo;Em execução;CPB;23/06/2025;2025;01/07/2025;01/07/2025;01/07/2030;2030;Portaria vigente;Portaria 2.327 (23/06/2025);02062.000014/2018-61;https://www.gov.br/icmbio/pt-br/assuntos/biodiversidade/pan/img/logo/cpb_10-01.png;https://www.gov.br/icmbio/pt-br/assuntos/biodiversidade/pan/pan-primatas-ma-e-preguica-de-coleira
RAN_12.02;CERPAM- 2º ciclo;Plano de Ação Nacional para a Conservação de Espécies da Ictiofauna, Herpetofauna e Primatas do Cerrado, Pantanal e Amazônia ;RAN_12.02;CERPAM;Multiclasse;Bioma;2º ciclo;Em execução;RAN;08/07/2025;2025;01/08/2025;01/08/2025;01/08/2030;2030;Portaria vigente;Portaria 2.622 (08/07/2025);02071.000012/2024-10;https://www.gov.br/icmbio/pt-br/assuntos/biodiversidade/pan/img/logo/ran_07-01.png;https://www.gov.br/icmbio/pt-br/assuntos/biodiversidade/pan/pan-cerpan
CEPSUL_05.02;Corais - 2º ciclo;Plano de Ação Nacional para a Conservação dos Ambientes Coralíneos;CEPSUL_05.02;Corais;Multiclasse;Ecossistema;2º ciclo;Em execução;CEPSUL;03/11/2025;2025;17/10/2025;03/11/2025;03/11/2030;2030;Portaria vigente;Portaria 4.444 (17/10/2025);02044.000171/2024-33;;https://www.gov.br/icmbio/pt-br/assuntos/biodiversidade/pan/pan-corais
CEPSUL_06.02;(Previsto) Lagoas do Sul - 2º ciclo;Plano de Ação Nacional para a Conservação dos Sistemas Lacustres e Lagunares do Sul do Brasil;CEPSUL_06.02;Lagoas do Sul;Multiclasse;Ecossistema;2º ciclo;Previsto;CEPSUL;Previsto;Previsto;;;;;Aguardando portaria;;;;https://www.gov.br/icmbio/pt-br/assuntos/biodiversidade/pan/pan-lagoas-do-sul
RAN_13.03;(Previsto) Herpetofauna do Nordeste - 3º ciclo;Plano de Ação Nacional para a Conservação da Herpetofauna Ameaçada do Nordeste;RAN_13.03;Herpetofauna do Nordeste;Multiclasse;Bioma;3 ciclo;Elaborado;RAN ;Previsto ;Previsto;;;;;Aguardando portaria;;;;https://www.gov.br/icmbio/pt-br/assuntos/biodiversidade/pan/pan-herpetofauna-do-nordeste
CPB_14.03;Sauim-de-coleira - 3º ciclo;Plano de Ação Nacional para a Conservação do Sauim-de-coleira;CPB_14.03;Sauim-de-coleira;Monoespecífico;Específico (distribuição da espécie);3º ciclo;Em execução;CPB;03/11/2025;2025;20/10/2025;03/11/2025;03/11/2030;2030;Portaria vigente;Portaria 4.508 (20/10/2025);02062.000027/2025-60;https://www.gov.br/icmbio/pt-br/assuntos/biodiversidade/pan/img/logo/cpb_09-02.png/view;https://www.gov.br/icmbio/pt-br/assuntos/biodiversidade/pan/pan-sauim-de-coleira
CEMAVE_35.03;Pato-mergulhão 3º ciclo;Plano de Ação Nacional para a Conservação do Pato-mergulhão;CEMAVE_35.03;Pato-mergulhão;Monoespecífico;Específico (distribuição da espécie);3º ciclo;Finalizado;CEMAVE;;;;;;;;;02061.000097/2023-66;https://www.gov.br/icmbio/pt-br/assuntos/biodiversidade/pan/img/logo/cemave_23-02.png;https://www.gov.br/icmbio/pt-br/assuntos/biodiversidade/pan/pan-pato-mergulhao
